query,target_url,cluster,language,source
Humayoun Kobir,https://humayounkobir.vercel.app/,brand_core,en,generated_universe
Humayoun Kobir Portfolio,https://humayounkobir.vercel.app/,brand_modifier,en,generated_universe
Portfolio Humayoun Kobir,https://humayounkobir.vercel.app/,brand_modifier,en,generated_universe
Humayoun Kobir Designer,https://humayounkobir.vercel.app/,brand_modifier,en,generated_universe
Designer Humayoun Kobir,https://humayounkobir.vercel.app/,brand_modifier,en,generated_universe
Humayoun Kobir Engineer,https://humayounkobir.vercel.app/,brand_modifier,en,generated_universe
Engineer Humayoun Kobir,https://humayounkobir.vercel.app/,brand_modifier,en,generated_universe
Humayoun Kobir Diploma Engineer,https://humayounkobir.vercel.app/,brand_modifier,en,generated_universe
Diploma Engineer Humayoun Kobir,https://humayounkobir.vercel.app/,brand_modifier,en,generated_universe
Humayoun Kobir Graphic Designer,https://humayounkobir.vercel.app/,brand_modifier,en,generated_universe
Graphic Designer Humayoun Kobir,https://humayounkobir.vercel.app/,brand_modifier,en,generated_universe
Humayoun Kobir 3D Artist,https://humayounkobir.vercel.app/,brand_modifier,en,generated_universe
3D Artist Humayoun Kobir,https://humayounkobir.vercel.app/,brand_modifier,en,generated_universe
Humayoun Kobir Software HQ,https://humayounkobir.vercel.app/,brand_modifier,en,generated_universe
Software HQ Humayoun Kobir,https://humayounkobir.vercel.app/,brand_modifier,en,generated_universe
Humayoun Kobir Bangladesh,https://humayounkobir.vercel.app/,brand_modifier,en,generated_universe
Bangladesh Humayoun Kobir,https://humayounkobir.vercel.app/,brand_modifier,en,generated_universe
Humayoun Kobir Website,https://humayounkobir.vercel.app/,brand_modifier,en,generated_universe
Website Humayoun Kobir,https://humayounkobir.vercel.app/,brand_modifier,en,generated_universe
Humayoun Kobir Official,https://humayounkobir.vercel.app/,brand_modifier,en,generated_universe
Official Humayoun Kobir,https://humayounkobir.vercel.app/,brand_modifier,en,generated_universe
Humayun Kabir,https://humayounkobir.vercel.app/,brand_core,en,generated_universe
Humayun Kabir Portfolio,https://humayounkobir.vercel.app/,brand_modifier,en,generated_universe
Portfolio Humayun Kabir,https://humayounkobir.vercel.app/,brand_modifier,en,generated_universe
Humayun Kabir Designer,https://humayounkobir.vercel.app/,brand_modifier,en,generated_universe
Designer Humayun Kabir,https://humayounkobir.vercel.app/,brand_modifier,en,generated_universe
Humayun Kabir Engineer,https://humayounkobir.vercel.app/,brand_modifier,en,generated_universe
Engineer Humayun Kabir,https://humayounkobir.vercel.app/,brand_modifier,en,generated_universe
Humayun Kabir Diploma Engineer,https://humayounkobir.vercel.app/,brand_modifier,en,generated_universe
Diploma Engineer Humayun Kabir,https://humayounkobir.vercel.app/,brand_modifier,en,generated_universe
Humayun Kabir Graphic Designer,https://humayounkobir.vercel.app/,brand_modifier,en,generated_universe
Graphic Designer Humayun Kabir,https://humayounkobir.vercel.app/,brand_modifier,en,generated_universe
Humayun Kabir 3D Artist,https://humayounkobir.vercel.app/,brand_modifier,en,generated_universe
3D Artist Humayun Kabir,https://humayounkobir.vercel.app/,brand_modifier,en,generated_universe
Humayun Kabir Software HQ,https://humayounkobir.vercel.app/,brand_modifier,en,generated_universe
Software HQ Humayun Kabir,https://humayounkobir.vercel.app/,brand_modifier,en,generated_universe
Humayun Kabir Bangladesh,https://humayounkobir.vercel.app/,brand_modifier,en,generated_universe
Bangladesh Humayun Kabir,https://humayounkobir.vercel.app/,brand_modifier,en,generated_universe
Humayun Kabir Website,https://humayounkobir.vercel.app/,brand_modifier,en,generated_universe
Website Humayun Kabir,https://humayounkobir.vercel.app/,brand_modifier,en,generated_universe
Humayun Kabir Official,https://humayounkobir.vercel.app/,brand_modifier,en,generated_universe
Official Humayun Kabir,https://humayounkobir.vercel.app/,brand_modifier,en,generated_universe
Humayun Kobir,https://humayounkobir.vercel.app/,brand_core,en,generated_universe
Humayun Kobir Portfolio,https://humayounkobir.vercel.app/,brand_modifier,en,generated_universe
Portfolio Humayun Kobir,https://humayounkobir.vercel.app/,brand_modifier,en,generated_universe
Humayun Kobir Designer,https://humayounkobir.vercel.app/,brand_modifier,en,generated_universe
Designer Humayun Kobir,https://humayounkobir.vercel.app/,brand_modifier,en,generated_universe
Humayun Kobir Engineer,https://humayounkobir.vercel.app/,brand_modifier,en,generated_universe
Engineer Humayun Kobir,https://humayounkobir.vercel.app/,brand_modifier,en,generated_universe
Humayun Kobir Diploma Engineer,https://humayounkobir.vercel.app/,brand_modifier,en,generated_universe
Diploma Engineer Humayun Kobir,https://humayounkobir.vercel.app/,brand_modifier,en,generated_universe
Humayun Kobir Graphic Designer,https://humayounkobir.vercel.app/,brand_modifier,en,generated_universe
Graphic Designer Humayun Kobir,https://humayounkobir.vercel.app/,brand_modifier,en,generated_universe
Humayun Kobir 3D Artist,https://humayounkobir.vercel.app/,brand_modifier,en,generated_universe
3D Artist Humayun Kobir,https://humayounkobir.vercel.app/,brand_modifier,en,generated_universe
Humayun Kobir Software HQ,https://humayounkobir.vercel.app/,brand_modifier,en,generated_universe
Software HQ Humayun Kobir,https://humayounkobir.vercel.app/,brand_modifier,en,generated_universe
Humayun Kobir Bangladesh,https://humayounkobir.vercel.app/,brand_modifier,en,generated_universe
Bangladesh Humayun Kobir,https://humayounkobir.vercel.app/,brand_modifier,en,generated_universe
Humayun Kobir Website,https://humayounkobir.vercel.app/,brand_modifier,en,generated_universe
Website Humayun Kobir,https://humayounkobir.vercel.app/,brand_modifier,en,generated_universe
Humayun Kobir Official,https://humayounkobir.vercel.app/,brand_modifier,en,generated_universe
Official Humayun Kobir,https://humayounkobir.vercel.app/,brand_modifier,en,generated_universe
Humayoun Kabir,https://humayounkobir.vercel.app/,brand_core,en,generated_universe
Humayoun Kabir Portfolio,https://humayounkobir.vercel.app/,brand_modifier,en,generated_universe
Portfolio Humayoun Kabir,https://humayounkobir.vercel.app/,brand_modifier,en,generated_universe
Humayoun Kabir Designer,https://humayounkobir.vercel.app/,brand_modifier,en,generated_universe
Designer Humayoun Kabir,https://humayounkobir.vercel.app/,brand_modifier,en,generated_universe
Humayoun Kabir Engineer,https://humayounkobir.vercel.app/,brand_modifier,en,generated_universe
Engineer Humayoun Kabir,https://humayounkobir.vercel.app/,brand_modifier,en,generated_universe
Humayoun Kabir Diploma Engineer,https://humayounkobir.vercel.app/,brand_modifier,en,generated_universe
Diploma Engineer Humayoun Kabir,https://humayounkobir.vercel.app/,brand_modifier,en,generated_universe
Humayoun Kabir Graphic Designer,https://humayounkobir.vercel.app/,brand_modifier,en,generated_universe
Graphic Designer Humayoun Kabir,https://humayounkobir.vercel.app/,brand_modifier,en,generated_universe
Humayoun Kabir 3D Artist,https://humayounkobir.vercel.app/,brand_modifier,en,generated_universe
3D Artist Humayoun Kabir,https://humayounkobir.vercel.app/,brand_modifier,en,generated_universe
Humayoun Kabir Software HQ,https://humayounkobir.vercel.app/,brand_modifier,en,generated_universe
Software HQ Humayoun Kabir,https://humayounkobir.vercel.app/,brand_modifier,en,generated_universe
Humayoun Kabir Bangladesh,https://humayounkobir.vercel.app/,brand_modifier,en,generated_universe
Bangladesh Humayoun Kabir,https://humayounkobir.vercel.app/,brand_modifier,en,generated_universe
Humayoun Kabir Website,https://humayounkobir.vercel.app/,brand_modifier,en,generated_universe
Website Humayoun Kabir,https://humayounkobir.vercel.app/,brand_modifier,en,generated_universe
Humayoun Kabir Official,https://humayounkobir.vercel.app/,brand_modifier,en,generated_universe
Official Humayoun Kabir,https://humayounkobir.vercel.app/,brand_modifier,en,generated_universe
Humaun Kabir,https://humayounkobir.vercel.app/,brand_core,en,generated_universe
Humaun Kabir Portfolio,https://humayounkobir.vercel.app/,brand_modifier,en,generated_universe
Portfolio Humaun Kabir,https://humayounkobir.vercel.app/,brand_modifier,en,generated_universe
Humaun Kabir Designer,https://humayounkobir.vercel.app/,brand_modifier,en,generated_universe
Designer Humaun Kabir,https://humayounkobir.vercel.app/,brand_modifier,en,generated_universe
Humaun Kabir Engineer,https://humayounkobir.vercel.app/,brand_modifier,en,generated_universe
Engineer Humaun Kabir,https://humayounkobir.vercel.app/,brand_modifier,en,generated_universe
Humaun Kabir Diploma Engineer,https://humayounkobir.vercel.app/,brand_modifier,en,generated_universe
Diploma Engineer Humaun Kabir,https://humayounkobir.vercel.app/,brand_modifier,en,generated_universe
Humaun Kabir Graphic Designer,https://humayounkobir.vercel.app/,brand_modifier,en,generated_universe
Graphic Designer Humaun Kabir,https://humayounkobir.vercel.app/,brand_modifier,en,generated_universe
Humaun Kabir 3D Artist,https://humayounkobir.vercel.app/,brand_modifier,en,generated_universe
3D Artist Humaun Kabir,https://humayounkobir.vercel.app/,brand_modifier,en,generated_universe
Humaun Kabir Software HQ,https://humayounkobir.vercel.app/,brand_modifier,en,generated_universe
Software HQ Humaun Kabir,https://humayounkobir.vercel.app/,brand_modifier,en,generated_universe
Humaun Kabir Bangladesh,https://humayounkobir.vercel.app/,brand_modifier,en,generated_universe
Bangladesh Humaun Kabir,https://humayounkobir.vercel.app/,brand_modifier,en,generated_universe
Humaun Kabir Website,https://humayounkobir.vercel.app/,brand_modifier,en,generated_universe
Website Humaun Kabir,https://humayounkobir.vercel.app/,brand_modifier,en,generated_universe
Humaun Kabir Official,https://humayounkobir.vercel.app/,brand_modifier,en,generated_universe
Official Humaun Kabir,https://humayounkobir.vercel.app/,brand_modifier,en,generated_universe
Humaun Kobir,https://humayounkobir.vercel.app/,brand_core,en,generated_universe
Humaun Kobir Portfolio,https://humayounkobir.vercel.app/,brand_modifier,en,generated_universe
Portfolio Humaun Kobir,https://humayounkobir.vercel.app/,brand_modifier,en,generated_universe
Humaun Kobir Designer,https://humayounkobir.vercel.app/,brand_modifier,en,generated_universe
Designer Humaun Kobir,https://humayounkobir.vercel.app/,brand_modifier,en,generated_universe
Humaun Kobir Engineer,https://humayounkobir.vercel.app/,brand_modifier,en,generated_universe
Engineer Humaun Kobir,https://humayounkobir.vercel.app/,brand_modifier,en,generated_universe
Humaun Kobir Diploma Engineer,https://humayounkobir.vercel.app/,brand_modifier,en,generated_universe
Diploma Engineer Humaun Kobir,https://humayounkobir.vercel.app/,brand_modifier,en,generated_universe
Humaun Kobir Graphic Designer,https://humayounkobir.vercel.app/,brand_modifier,en,generated_universe
Graphic Designer Humaun Kobir,https://humayounkobir.vercel.app/,brand_modifier,en,generated_universe
Humaun Kobir 3D Artist,https://humayounkobir.vercel.app/,brand_modifier,en,generated_universe
3D Artist Humaun Kobir,https://humayounkobir.vercel.app/,brand_modifier,en,generated_universe
Humaun Kobir Software HQ,https://humayounkobir.vercel.app/,brand_modifier,en,generated_universe
Software HQ Humaun Kobir,https://humayounkobir.vercel.app/,brand_modifier,en,generated_universe
Humaun Kobir Bangladesh,https://humayounkobir.vercel.app/,brand_modifier,en,generated_universe
Bangladesh Humaun Kobir,https://humayounkobir.vercel.app/,brand_modifier,en,generated_universe
Humaun Kobir Website,https://humayounkobir.vercel.app/,brand_modifier,en,generated_universe
Website Humaun Kobir,https://humayounkobir.vercel.app/,brand_modifier,en,generated_universe
Humaun Kobir Official,https://humayounkobir.vercel.app/,brand_modifier,en,generated_universe
Official Humaun Kobir,https://humayounkobir.vercel.app/,brand_modifier,en,generated_universe
Humauin Kabir,https://humayounkobir.vercel.app/,brand_core,en,generated_universe
Humauin Kabir Portfolio,https://humayounkobir.vercel.app/,brand_modifier,en,generated_universe
Portfolio Humauin Kabir,https://humayounkobir.vercel.app/,brand_modifier,en,generated_universe
Humauin Kabir Designer,https://humayounkobir.vercel.app/,brand_modifier,en,generated_universe
Designer Humauin Kabir,https://humayounkobir.vercel.app/,brand_modifier,en,generated_universe
Humauin Kabir Engineer,https://humayounkobir.vercel.app/,brand_modifier,en,generated_universe
Engineer Humauin Kabir,https://humayounkobir.vercel.app/,brand_modifier,en,generated_universe
Humauin Kabir Diploma Engineer,https://humayounkobir.vercel.app/,brand_modifier,en,generated_universe
Diploma Engineer Humauin Kabir,https://humayounkobir.vercel.app/,brand_modifier,en,generated_universe
Humauin Kabir Graphic Designer,https://humayounkobir.vercel.app/,brand_modifier,en,generated_universe
Graphic Designer Humauin Kabir,https://humayounkobir.vercel.app/,brand_modifier,en,generated_universe
Humauin Kabir 3D Artist,https://humayounkobir.vercel.app/,brand_modifier,en,generated_universe
3D Artist Humauin Kabir,https://humayounkobir.vercel.app/,brand_modifier,en,generated_universe
Humauin Kabir Software HQ,https://humayounkobir.vercel.app/,brand_modifier,en,generated_universe
Software HQ Humauin Kabir,https://humayounkobir.vercel.app/,brand_modifier,en,generated_universe
Humauin Kabir Bangladesh,https://humayounkobir.vercel.app/,brand_modifier,en,generated_universe
Bangladesh Humauin Kabir,https://humayounkobir.vercel.app/,brand_modifier,en,generated_universe
Humauin Kabir Website,https://humayounkobir.vercel.app/,brand_modifier,en,generated_universe
Website Humauin Kabir,https://humayounkobir.vercel.app/,brand_modifier,en,generated_universe
Humauin Kabir Official,https://humayounkobir.vercel.app/,brand_modifier,en,generated_universe
Official Humauin Kabir,https://humayounkobir.vercel.app/,brand_modifier,en,generated_universe
Humauin Kobir,https://humayounkobir.vercel.app/,brand_core,en,generated_universe
Humauin Kobir Portfolio,https://humayounkobir.vercel.app/,brand_modifier,en,generated_universe
Portfolio Humauin Kobir,https://humayounkobir.vercel.app/,brand_modifier,en,generated_universe
Humauin Kobir Designer,https://humayounkobir.vercel.app/,brand_modifier,en,generated_universe
Designer Humauin Kobir,https://humayounkobir.vercel.app/,brand_modifier,en,generated_universe
Humauin Kobir Engineer,https://humayounkobir.vercel.app/,brand_modifier,en,generated_universe
Engineer Humauin Kobir,https://humayounkobir.vercel.app/,brand_modifier,en,generated_universe
Humauin Kobir Diploma Engineer,https://humayounkobir.vercel.app/,brand_modifier,en,generated_universe
Diploma Engineer Humauin Kobir,https://humayounkobir.vercel.app/,brand_modifier,en,generated_universe
Humauin Kobir Graphic Designer,https://humayounkobir.vercel.app/,brand_modifier,en,generated_universe
Graphic Designer Humauin Kobir,https://humayounkobir.vercel.app/,brand_modifier,en,generated_universe
Humauin Kobir 3D Artist,https://humayounkobir.vercel.app/,brand_modifier,en,generated_universe
3D Artist Humauin Kobir,https://humayounkobir.vercel.app/,brand_modifier,en,generated_universe
Humauin Kobir Software HQ,https://humayounkobir.vercel.app/,brand_modifier,en,generated_universe
Software HQ Humauin Kobir,https://humayounkobir.vercel.app/,brand_modifier,en,generated_universe
Humauin Kobir Bangladesh,https://humayounkobir.vercel.app/,brand_modifier,en,generated_universe
Bangladesh Humauin Kobir,https://humayounkobir.vercel.app/,brand_modifier,en,generated_universe
Humauin Kobir Website,https://humayounkobir.vercel.app/,brand_modifier,en,generated_universe
Website Humauin Kobir,https://humayounkobir.vercel.app/,brand_modifier,en,generated_universe
Humauin Kobir Official,https://humayounkobir.vercel.app/,brand_modifier,en,generated_universe
Official Humauin Kobir,https://humayounkobir.vercel.app/,brand_modifier,en,generated_universe
Md Humayun Kabir,https://humayounkobir.vercel.app/,brand_core,en,generated_universe
Md Humayun Kabir Portfolio,https://humayounkobir.vercel.app/,brand_modifier,en,generated_universe
Portfolio Md Humayun Kabir,https://humayounkobir.vercel.app/,brand_modifier,en,generated_universe
Md Humayun Kabir Designer,https://humayounkobir.vercel.app/,brand_modifier,en,generated_universe
Designer Md Humayun Kabir,https://humayounkobir.vercel.app/,brand_modifier,en,generated_universe
Md Humayun Kabir Engineer,https://humayounkobir.vercel.app/,brand_modifier,en,generated_universe
Engineer Md Humayun Kabir,https://humayounkobir.vercel.app/,brand_modifier,en,generated_universe
Md Humayun Kabir Diploma Engineer,https://humayounkobir.vercel.app/,brand_modifier,en,generated_universe
Diploma Engineer Md Humayun Kabir,https://humayounkobir.vercel.app/,brand_modifier,en,generated_universe
Md Humayun Kabir Graphic Designer,https://humayounkobir.vercel.app/,brand_modifier,en,generated_universe
Graphic Designer Md Humayun Kabir,https://humayounkobir.vercel.app/,brand_modifier,en,generated_universe
Md Humayun Kabir 3D Artist,https://humayounkobir.vercel.app/,brand_modifier,en,generated_universe
3D Artist Md Humayun Kabir,https://humayounkobir.vercel.app/,brand_modifier,en,generated_universe
Md Humayun Kabir Software HQ,https://humayounkobir.vercel.app/,brand_modifier,en,generated_universe
Software HQ Md Humayun Kabir,https://humayounkobir.vercel.app/,brand_modifier,en,generated_universe
Md Humayun Kabir Bangladesh,https://humayounkobir.vercel.app/,brand_modifier,en,generated_universe
Bangladesh Md Humayun Kabir,https://humayounkobir.vercel.app/,brand_modifier,en,generated_universe
Md Humayun Kabir Website,https://humayounkobir.vercel.app/,brand_modifier,en,generated_universe
Website Md Humayun Kabir,https://humayounkobir.vercel.app/,brand_modifier,en,generated_universe
Md Humayun Kabir Official,https://humayounkobir.vercel.app/,brand_modifier,en,generated_universe
Official Md Humayun Kabir,https://humayounkobir.vercel.app/,brand_modifier,en,generated_universe
Engr Humayun Kabir,https://humayounkobir.vercel.app/,brand_core,en,generated_universe
Engr Humayun Kabir Portfolio,https://humayounkobir.vercel.app/,brand_modifier,en,generated_universe
Portfolio Engr Humayun Kabir,https://humayounkobir.vercel.app/,brand_modifier,en,generated_universe
Engr Humayun Kabir Designer,https://humayounkobir.vercel.app/,brand_modifier,en,generated_universe
Designer Engr Humayun Kabir,https://humayounkobir.vercel.app/,brand_modifier,en,generated_universe
Engr Humayun Kabir Engineer,https://humayounkobir.vercel.app/,brand_modifier,en,generated_universe
Engineer Engr Humayun Kabir,https://humayounkobir.vercel.app/,brand_modifier,en,generated_universe
Engr Humayun Kabir Diploma Engineer,https://humayounkobir.vercel.app/,brand_modifier,en,generated_universe
Diploma Engineer Engr Humayun Kabir,https://humayounkobir.vercel.app/,brand_modifier,en,generated_universe
Engr Humayun Kabir Graphic Designer,https://humayounkobir.vercel.app/,brand_modifier,en,generated_universe
Graphic Designer Engr Humayun Kabir,https://humayounkobir.vercel.app/,brand_modifier,en,generated_universe
Engr Humayun Kabir 3D Artist,https://humayounkobir.vercel.app/,brand_modifier,en,generated_universe
3D Artist Engr Humayun Kabir,https://humayounkobir.vercel.app/,brand_modifier,en,generated_universe
Engr Humayun Kabir Software HQ,https://humayounkobir.vercel.app/,brand_modifier,en,generated_universe
Software HQ Engr Humayun Kabir,https://humayounkobir.vercel.app/,brand_modifier,en,generated_universe
Engr Humayun Kabir Bangladesh,https://humayounkobir.vercel.app/,brand_modifier,en,generated_universe
Bangladesh Engr Humayun Kabir,https://humayounkobir.vercel.app/,brand_modifier,en,generated_universe
Engr Humayun Kabir Website,https://humayounkobir.vercel.app/,brand_modifier,en,generated_universe
Website Engr Humayun Kabir,https://humayounkobir.vercel.app/,brand_modifier,en,generated_universe
Engr Humayun Kabir Official,https://humayounkobir.vercel.app/,brand_modifier,en,generated_universe
Official Engr Humayun Kabir,https://humayounkobir.vercel.app/,brand_modifier,en,generated_universe
হুমায়ূন কবির,https://humayounkobir.vercel.app/,brand_bn,bn,generated_universe
হুমায়ূন কবির পোর্টফোলিও,https://humayounkobir.vercel.app/,brand_bn_modifier,bn,generated_universe
হুমায়ূন কবির ইঞ্জিনিয়ার,https://humayounkobir.vercel.app/,brand_bn_modifier,bn,generated_universe
হুমায়ূন কবির ডিজাইনার,https://humayounkobir.vercel.app/,brand_bn_modifier,bn,generated_universe
হুমায়ূন কবির ওয়েবসাইট,https://humayounkobir.vercel.app/,brand_bn_modifier,bn,generated_universe
হুমায়ূন কবির Portfolio,https://humayounkobir.vercel.app/,brand_mixed,bn-en,generated_universe
হুমায়ূন কবির Designer,https://humayounkobir.vercel.app/,brand_mixed,bn-en,generated_universe
হুমায়ূন কবির Engineer,https://humayounkobir.vercel.app/,brand_mixed,bn-en,generated_universe
হুমায়ূন কবির Diploma Engineer,https://humayounkobir.vercel.app/,brand_mixed,bn-en,generated_universe
হুমায়ূন কবির Graphic Designer,https://humayounkobir.vercel.app/,brand_mixed,bn-en,generated_universe
হুমায়ূন কবির 3D Artist,https://humayounkobir.vercel.app/,brand_mixed,bn-en,generated_universe
হুমায়ূন কবির Software HQ,https://humayounkobir.vercel.app/,brand_mixed,bn-en,generated_universe
হুমায়ূন কবির Bangladesh,https://humayounkobir.vercel.app/,brand_mixed,bn-en,generated_universe
হুমায়ূন কবির Website,https://humayounkobir.vercel.app/,brand_mixed,bn-en,generated_universe
হুমায়ূন কবির Official,https://humayounkobir.vercel.app/,brand_mixed,bn-en,generated_universe
হুমায়ুন কবির,https://humayounkobir.vercel.app/,brand_bn,bn,generated_universe
হুমায়ুন কবির পোর্টফোলিও,https://humayounkobir.vercel.app/,brand_bn_modifier,bn,generated_universe
হুমায়ুন কবির ইঞ্জিনিয়ার,https://humayounkobir.vercel.app/,brand_bn_modifier,bn,generated_universe
হুমায়ুন কবির ডিজাইনার,https://humayounkobir.vercel.app/,brand_bn_modifier,bn,generated_universe
হুমায়ুন কবির ওয়েবসাইট,https://humayounkobir.vercel.app/,brand_bn_modifier,bn,generated_universe
হুমায়ুন কবির Portfolio,https://humayounkobir.vercel.app/,brand_mixed,bn-en,generated_universe
হুমায়ুন কবির Designer,https://humayounkobir.vercel.app/,brand_mixed,bn-en,generated_universe
হুমায়ুন কবির Engineer,https://humayounkobir.vercel.app/,brand_mixed,bn-en,generated_universe
হুমায়ুন কবির Diploma Engineer,https://humayounkobir.vercel.app/,brand_mixed,bn-en,generated_universe
হুমায়ুন কবির Graphic Designer,https://humayounkobir.vercel.app/,brand_mixed,bn-en,generated_universe
হুমায়ুন কবির 3D Artist,https://humayounkobir.vercel.app/,brand_mixed,bn-en,generated_universe
হুমায়ুন কবির Software HQ,https://humayounkobir.vercel.app/,brand_mixed,bn-en,generated_universe
হুমায়ুন কবির Bangladesh,https://humayounkobir.vercel.app/,brand_mixed,bn-en,generated_universe
হুমায়ুন কবির Website,https://humayounkobir.vercel.app/,brand_mixed,bn-en,generated_universe
হুমায়ুন কবির Official,https://humayounkobir.vercel.app/,brand_mixed,bn-en,generated_universe
হুমায়ূন কবির,https://humayounkobir.vercel.app/,brand_bn,bn,generated_universe
হুমায়ূন কবির পোর্টফোলিও,https://humayounkobir.vercel.app/,brand_bn_modifier,bn,generated_universe
হুমায়ূন কবির ইঞ্জিনিয়ার,https://humayounkobir.vercel.app/,brand_bn_modifier,bn,generated_universe
হুমায়ূন কবির ডিজাইনার,https://humayounkobir.vercel.app/,brand_bn_modifier,bn,generated_universe
হুমায়ূন কবির ওয়েবসাইট,https://humayounkobir.vercel.app/,brand_bn_modifier,bn,generated_universe
হুমায়ূন কবির Portfolio,https://humayounkobir.vercel.app/,brand_mixed,bn-en,generated_universe
হুমায়ূন কবির Designer,https://humayounkobir.vercel.app/,brand_mixed,bn-en,generated_universe
হুমায়ূন কবির Engineer,https://humayounkobir.vercel.app/,brand_mixed,bn-en,generated_universe
হুমায়ূন কবির Diploma Engineer,https://humayounkobir.vercel.app/,brand_mixed,bn-en,generated_universe
হুমায়ূন কবির Graphic Designer,https://humayounkobir.vercel.app/,brand_mixed,bn-en,generated_universe
হুমায়ূন কবির 3D Artist,https://humayounkobir.vercel.app/,brand_mixed,bn-en,generated_universe
হুমায়ূন কবির Software HQ,https://humayounkobir.vercel.app/,brand_mixed,bn-en,generated_universe
হুমায়ূন কবির Bangladesh,https://humayounkobir.vercel.app/,brand_mixed,bn-en,generated_universe
হুমায়ূন কবির Website,https://humayounkobir.vercel.app/,brand_mixed,bn-en,generated_universe
হুমায়ূন কবির Official,https://humayounkobir.vercel.app/,brand_mixed,bn-en,generated_universe
হুমায়ুন কবির,https://humayounkobir.vercel.app/,brand_bn,bn,generated_universe
হুমায়ুন কবির পোর্টফোলিও,https://humayounkobir.vercel.app/,brand_bn_modifier,bn,generated_universe
হুমায়ুন কবির ইঞ্জিনিয়ার,https://humayounkobir.vercel.app/,brand_bn_modifier,bn,generated_universe
হুমায়ুন কবির ডিজাইনার,https://humayounkobir.vercel.app/,brand_bn_modifier,bn,generated_universe
হুমায়ুন কবির ওয়েবসাইট,https://humayounkobir.vercel.app/,brand_bn_modifier,bn,generated_universe
হুমায়ুন কবির Portfolio,https://humayounkobir.vercel.app/,brand_mixed,bn-en,generated_universe
হুমায়ুন কবির Designer,https://humayounkobir.vercel.app/,brand_mixed,bn-en,generated_universe
হুমায়ুন কবির Engineer,https://humayounkobir.vercel.app/,brand_mixed,bn-en,generated_universe
হুমায়ুন কবির Diploma Engineer,https://humayounkobir.vercel.app/,brand_mixed,bn-en,generated_universe
হুমায়ুন কবির Graphic Designer,https://humayounkobir.vercel.app/,brand_mixed,bn-en,generated_universe
হুমায়ুন কবির 3D Artist,https://humayounkobir.vercel.app/,brand_mixed,bn-en,generated_universe
হুমায়ুন কবির Software HQ,https://humayounkobir.vercel.app/,brand_mixed,bn-en,generated_universe
হুমায়ুন কবির Bangladesh,https://humayounkobir.vercel.app/,brand_mixed,bn-en,generated_universe
হুমায়ুন কবির Website,https://humayounkobir.vercel.app/,brand_mixed,bn-en,generated_universe
হুমায়ুন কবির Official,https://humayounkobir.vercel.app/,brand_mixed,bn-en,generated_universe
মোঃ হুমায়ুন কবির,https://humayounkobir.vercel.app/,brand_bn,bn,generated_universe
মোঃ হুমায়ুন কবির পোর্টফোলিও,https://humayounkobir.vercel.app/,brand_bn_modifier,bn,generated_universe
মোঃ হুমায়ুন কবির ইঞ্জিনিয়ার,https://humayounkobir.vercel.app/,brand_bn_modifier,bn,generated_universe
মোঃ হুমায়ুন কবির ডিজাইনার,https://humayounkobir.vercel.app/,brand_bn_modifier,bn,generated_universe
মোঃ হুমায়ুন কবির ওয়েবসাইট,https://humayounkobir.vercel.app/,brand_bn_modifier,bn,generated_universe
মোঃ হুমায়ুন কবির Portfolio,https://humayounkobir.vercel.app/,brand_mixed,bn-en,generated_universe
মোঃ হুমায়ুন কবির Designer,https://humayounkobir.vercel.app/,brand_mixed,bn-en,generated_universe
মোঃ হুমায়ুন কবির Engineer,https://humayounkobir.vercel.app/,brand_mixed,bn-en,generated_universe
মোঃ হুমায়ুন কবির Diploma Engineer,https://humayounkobir.vercel.app/,brand_mixed,bn-en,generated_universe
মোঃ হুমায়ুন কবির Graphic Designer,https://humayounkobir.vercel.app/,brand_mixed,bn-en,generated_universe
মোঃ হুমায়ুন কবির 3D Artist,https://humayounkobir.vercel.app/,brand_mixed,bn-en,generated_universe
মোঃ হুমায়ুন কবির Software HQ,https://humayounkobir.vercel.app/,brand_mixed,bn-en,generated_universe
মোঃ হুমায়ুন কবির Bangladesh,https://humayounkobir.vercel.app/,brand_mixed,bn-en,generated_universe
মোঃ হুমায়ুন কবির Website,https://humayounkobir.vercel.app/,brand_mixed,bn-en,generated_universe
মোঃ হুমায়ুন কবির Official,https://humayounkobir.vercel.app/,brand_mixed,bn-en,generated_universe
Software HQ,https://humayounkobir.vercel.app/files.html,software_hq_core,en,generated_universe
PC Optimization,https://humayounkobir.vercel.app/files.html,software_hq_core,en,generated_universe
Humayun Kabir PC Optimization,https://humayounkobir.vercel.app/files.html,software_hq_brand,en,generated_universe
Humayoun Kobir PC Optimization,https://humayounkobir.vercel.app/files.html,software_hq_brand,en,generated_universe
Windows Tweaks,https://humayounkobir.vercel.app/files.html,software_hq_core,en,generated_universe
Humayun Kabir Windows Tweaks,https://humayounkobir.vercel.app/files.html,software_hq_brand,en,generated_universe
Humayoun Kobir Windows Tweaks,https://humayounkobir.vercel.app/files.html,software_hq_brand,en,generated_universe
Sysinternals Tools,https://humayounkobir.vercel.app/files.html,software_hq_core,en,generated_universe
Humayun Kabir Sysinternals Tools,https://humayounkobir.vercel.app/files.html,software_hq_brand,en,generated_universe
Humayoun Kobir Sysinternals Tools,https://humayounkobir.vercel.app/files.html,software_hq_brand,en,generated_universe
Hardware Diagnostic,https://humayounkobir.vercel.app/files.html,software_hq_core,en,generated_universe
Humayun Kabir Hardware Diagnostic,https://humayounkobir.vercel.app/files.html,software_hq_brand,en,generated_universe
Humayoun Kobir Hardware Diagnostic,https://humayounkobir.vercel.app/files.html,software_hq_brand,en,generated_universe
Data Recovery Software,https://humayounkobir.vercel.app/files.html,software_hq_core,en,generated_universe
Humayun Kabir Data Recovery Software,https://humayounkobir.vercel.app/files.html,software_hq_brand,en,generated_universe
Humayoun Kobir Data Recovery Software,https://humayounkobir.vercel.app/files.html,software_hq_brand,en,generated_universe
